-- MySQL dump 10.13  Distrib 8.0.22, for Win64 (x86_64)
--
-- Host: localhost    Database: farmacia
-- ------------------------------------------------------
-- Server version	8.0.22

/*!40101 SET @OLD_CHARACTER_SET_CLIENT=@@CHARACTER_SET_CLIENT */;
/*!40101 SET @OLD_CHARACTER_SET_RESULTS=@@CHARACTER_SET_RESULTS */;
/*!40101 SET @OLD_COLLATION_CONNECTION=@@COLLATION_CONNECTION */;
/*!50503 SET NAMES utf8 */;
/*!40103 SET @OLD_TIME_ZONE=@@TIME_ZONE */;
/*!40103 SET TIME_ZONE='+00:00' */;
/*!40014 SET @OLD_UNIQUE_CHECKS=@@UNIQUE_CHECKS, UNIQUE_CHECKS=0 */;
/*!40014 SET @OLD_FOREIGN_KEY_CHECKS=@@FOREIGN_KEY_CHECKS, FOREIGN_KEY_CHECKS=0 */;
/*!40101 SET @OLD_SQL_MODE=@@SQL_MODE, SQL_MODE='NO_AUTO_VALUE_ON_ZERO' */;
/*!40111 SET @OLD_SQL_NOTES=@@SQL_NOTES, SQL_NOTES=0 */;

--
-- Table structure for table `armazem`
--

DROP TABLE IF EXISTS `armazem`;
/*!40101 SET @saved_cs_client     = @@character_set_client */;
/*!50503 SET character_set_client = utf8mb4 */;
CREATE TABLE `armazem` (
  `id_farmacia` int NOT NULL,
  `id_produto` int NOT NULL,
  `qtd_produto` int NOT NULL,
  PRIMARY KEY (`id_farmacia`)
) ENGINE=InnoDB DEFAULT CHARSET=utf8mb4 COLLATE=utf8mb4_0900_ai_ci;
/*!40101 SET character_set_client = @saved_cs_client */;

--
-- Dumping data for table `armazem`
--

LOCK TABLES `armazem` WRITE;
/*!40000 ALTER TABLE `armazem` DISABLE KEYS */;
INSERT INTO `armazem` VALUES (1,1,10);
/*!40000 ALTER TABLE `armazem` ENABLE KEYS */;
UNLOCK TABLES;

--
-- Table structure for table `cargos`
--

DROP TABLE IF EXISTS `cargos`;
/*!40101 SET @saved_cs_client     = @@character_set_client */;
/*!50503 SET character_set_client = utf8mb4 */;
CREATE TABLE `cargos` (
  `id` int NOT NULL AUTO_INCREMENT,
  `nome` varchar(45) NOT NULL,
  PRIMARY KEY (`id`)
) ENGINE=InnoDB DEFAULT CHARSET=utf8mb4 COLLATE=utf8mb4_0900_ai_ci;
/*!40101 SET character_set_client = @saved_cs_client */;

--
-- Dumping data for table `cargos`
--

LOCK TABLES `cargos` WRITE;
/*!40000 ALTER TABLE `cargos` DISABLE KEYS */;
/*!40000 ALTER TABLE `cargos` ENABLE KEYS */;
UNLOCK TABLES;

--
-- Table structure for table `cliente`
--

DROP TABLE IF EXISTS `cliente`;
/*!40101 SET @saved_cs_client     = @@character_set_client */;
/*!50503 SET character_set_client = utf8mb4 */;
CREATE TABLE `cliente` (
  `id` int NOT NULL AUTO_INCREMENT,
  `nome` varchar(45) NOT NULL,
  `quantidade_compras` int NOT NULL,
  `telefone` varchar(20) NOT NULL,
  `cpf` varchar(15) NOT NULL,
  PRIMARY KEY (`id`)
) ENGINE=InnoDB AUTO_INCREMENT=2 DEFAULT CHARSET=utf8mb4 COLLATE=utf8mb4_0900_ai_ci;
/*!40101 SET character_set_client = @saved_cs_client */;

--
-- Dumping data for table `cliente`
--

LOCK TABLES `cliente` WRITE;
/*!40000 ALTER TABLE `cliente` DISABLE KEYS */;
INSERT INTO `cliente` VALUES (1,'Marcelo',20,'65 91234-5678','123.456.789-00');
/*!40000 ALTER TABLE `cliente` ENABLE KEYS */;
UNLOCK TABLES;

--
-- Table structure for table `farmacias`
--

DROP TABLE IF EXISTS `farmacias`;
/*!40101 SET @saved_cs_client     = @@character_set_client */;
/*!50503 SET character_set_client = utf8mb4 */;
CREATE TABLE `farmacias` (
  `id` int NOT NULL,
  `dinheiro` decimal(10,2) NOT NULL,
  PRIMARY KEY (`id`)
) ENGINE=InnoDB DEFAULT CHARSET=utf8mb4 COLLATE=utf8mb4_0900_ai_ci;
/*!40101 SET character_set_client = @saved_cs_client */;

--
-- Dumping data for table `farmacias`
--

LOCK TABLES `farmacias` WRITE;
/*!40000 ALTER TABLE `farmacias` DISABLE KEYS */;
INSERT INTO `farmacias` VALUES (1,10000.00);
/*!40000 ALTER TABLE `farmacias` ENABLE KEYS */;
UNLOCK TABLES;

--
-- Table structure for table `funcionario`
--

DROP TABLE IF EXISTS `funcionario`;
/*!40101 SET @saved_cs_client     = @@character_set_client */;
/*!50503 SET character_set_client = utf8mb4 */;
CREATE TABLE `funcionario` (
  `id` int NOT NULL AUTO_INCREMENT,
  `nome` varchar(45) NOT NULL,
  `salario` decimal(7,2) NOT NULL,
  `login` varchar(20) NOT NULL,
  `senha` varchar(128) NOT NULL,
  `id_farmacia` int NOT NULL,
  `comissao` decimal(7,2) NOT NULL,
  `cargo` int NOT NULL,
  PRIMARY KEY (`id`)
) ENGINE=InnoDB AUTO_INCREMENT=3 DEFAULT CHARSET=utf8mb4 COLLATE=utf8mb4_0900_ai_ci;
/*!40101 SET character_set_client = @saved_cs_client */;

--
-- Dumping data for table `funcionario`
--

LOCK TABLES `funcionario` WRITE;
/*!40000 ALTER TABLE `funcionario` DISABLE KEYS */;
INSERT INTO `funcionario` VALUES (1,'testando',800.00,'teste','b123e9e19d217169b981a61188920f9d28638709a5132201684d792b9264271b7f09157ed4321b1c097f7a4abecfc0977d40a7ee599c845883bd1074ca23c4af',1,0.00,0),(2,'Marcelo',100.00,'teste1','e7932f1b609431aae3e96e6ab99d9ebe383ad19b6e866d434ab12193d1c85b3206d8ec79fb490a1887028c18371d5040f59c854d0a326bc9d230bb950e190c16',1,0.00,1);
/*!40000 ALTER TABLE `funcionario` ENABLE KEYS */;
UNLOCK TABLES;

--
-- Table structure for table `historico_vendas`
--

DROP TABLE IF EXISTS `historico_vendas`;
/*!40101 SET @saved_cs_client     = @@character_set_client */;
/*!50503 SET character_set_client = utf8mb4 */;
CREATE TABLE `historico_vendas` (
  `id` int NOT NULL AUTO_INCREMENT,
  `id_farmacia` int NOT NULL,
  `id_funcionario` int NOT NULL,
  `id_cliente` int NOT NULL,
  `data` varchar(20) NOT NULL,
  `valor_total` decimal(7,2) NOT NULL,
  `valor_desconto_aplicado` decimal(7,2) NOT NULL,
  PRIMARY KEY (`id`)
) ENGINE=InnoDB AUTO_INCREMENT=11 DEFAULT CHARSET=utf8mb4 COLLATE=utf8mb4_0900_ai_ci;
/*!40101 SET character_set_client = @saved_cs_client */;

--
-- Dumping data for table `historico_vendas`
--

LOCK TABLES `historico_vendas` WRITE;
/*!40000 ALTER TABLE `historico_vendas` DISABLE KEYS */;
INSERT INTO `historico_vendas` VALUES (1,2,5,856,'03/12/2020 02:48:01',800.00,700.00),(4,1,1,1,'03/12/2020 03:18:15',827.99,827.99),(5,1,1,1,'03/12/2020 03:18:45',827.99,827.99),(6,1,1,1,'03/12/2020 03:25:17',827.99,827.99),(7,1,1,1,'03/12/2020 03:26:05',827.99,827.99),(8,1,1,1,'03/12/2020 03:30:00',827.99,786.59),(9,1,1,1,'03/12/2020 03:30:28',827.99,745.19),(10,1,1,1,'03/12/2020 20:18:40',827.99,745.19);
/*!40000 ALTER TABLE `historico_vendas` ENABLE KEYS */;
UNLOCK TABLES;

--
-- Table structure for table `produto`
--

DROP TABLE IF EXISTS `produto`;
/*!40101 SET @saved_cs_client     = @@character_set_client */;
/*!50503 SET character_set_client = utf8mb4 */;
CREATE TABLE `produto` (
  `id` int NOT NULL,
  `nome` varchar(45) NOT NULL,
  `preco` decimal(9,2) NOT NULL,
  `preco_fornecedor` decimal(9,2) NOT NULL,
  PRIMARY KEY (`id`)
) ENGINE=InnoDB DEFAULT CHARSET=utf8mb4 COLLATE=utf8mb4_0900_ai_ci;
/*!40101 SET character_set_client = @saved_cs_client */;

--
-- Dumping data for table `produto`
--

LOCK TABLES `produto` WRITE;
/*!40000 ALTER TABLE `produto` DISABLE KEYS */;
INSERT INTO `produto` VALUES (1,'Buscopan',7.50,6.20);
/*!40000 ALTER TABLE `produto` ENABLE KEYS */;
UNLOCK TABLES;

--
-- Table structure for table `venda`
--

DROP TABLE IF EXISTS `venda`;
/*!40101 SET @saved_cs_client     = @@character_set_client */;
/*!50503 SET character_set_client = utf8mb4 */;
CREATE TABLE `venda` (
  `id_venda` int NOT NULL,
  `id_produto_vendido` int NOT NULL,
  `qtd_produto_vendido` int NOT NULL
) ENGINE=InnoDB DEFAULT CHARSET=utf8mb4 COLLATE=utf8mb4_0900_ai_ci;
/*!40101 SET character_set_client = @saved_cs_client */;

--
-- Dumping data for table `venda`
--

LOCK TABLES `venda` WRITE;
/*!40000 ALTER TABLE `venda` DISABLE KEYS */;
INSERT INTO `venda` VALUES (5,1,5),(5,2,8),(5,1,5),(5,2,8),(6,1,5),(6,2,8),(7,1,5),(7,2,8),(8,1,5),(8,2,8),(9,1,5),(9,2,8),(9,1,5),(9,2,8),(10,1,5),(10,2,8);
/*!40000 ALTER TABLE `venda` ENABLE KEYS */;
UNLOCK TABLES;
/*!40103 SET TIME_ZONE=@OLD_TIME_ZONE */;

/*!40101 SET SQL_MODE=@OLD_SQL_MODE */;
/*!40014 SET FOREIGN_KEY_CHECKS=@OLD_FOREIGN_KEY_CHECKS */;
/*!40014 SET UNIQUE_CHECKS=@OLD_UNIQUE_CHECKS */;
/*!40101 SET CHARACTER_SET_CLIENT=@OLD_CHARACTER_SET_CLIENT */;
/*!40101 SET CHARACTER_SET_RESULTS=@OLD_CHARACTER_SET_RESULTS */;
/*!40101 SET COLLATION_CONNECTION=@OLD_COLLATION_CONNECTION */;
/*!40111 SET SQL_NOTES=@OLD_SQL_NOTES */;

-- Dump completed on 2020-12-05 14:55:00
